{
  "hash": "7a1f17f3",
  "configHash": "ff21b710",
  "lockfileHash": "f8156d32",
  "browserHash": "a9da97e2",
  "optimized": {
    "alpinejs": {
      "src": "../../node_modules/alpinejs/dist/module.esm.js",
      "file": "alpinejs.js",
      "fileHash": "09a5bf45",
      "needsInterop": false
    },
    "axios": {
      "src": "../../node_modules/axios/index.js",
      "file": "axios.js",
      "fileHash": "959b515d",
      "needsInterop": false
    }
  },
  "chunks": {
    "chunk-PZ5AY32C": {
      "file": "chunk-PZ5AY32C.js"
    }
  }
}